id,first_name,last_name,email,gender,ip_address
1,Lexy,Peacocke,lpeacocke0@mediafire.com,Female,45.19.142.181
2,Zarla,Horsley,zhorsley1@youtube.com,Female,126.234.228.177
3,Nancey,Tytherton,ntytherton2@theatlantic.com,Female,1.52.171.72
4,Brock,Jerke,bjerke3@1und1.de,Male,164.77.37.101
5,Gibb,Oats,goats4@marriott.com,Male,163.238.208.130
6,Lillis,Dary,ldary5@dell.com,Bigender,89.38.159.50
7,Pace,Sawden,psawden6@cornell.edu,Male,79.189.254.1
8,Juliet,Gingedale,jgingedale7@jimdo.com,Female,128.4.41.115
9,Drona,Dominy,ddominy8@usatoday.com,Female,8.125.85.116
10,Emma,Mayou,emayou9@harvard.edu,Female,111.192.214.174
11,Garrek,Aggas,gaggasa@chronoengine.com,Male,48.24.91.230
12,Rheta,Kloster,rklosterb@facebook.com,Female,115.244.81.134
13,Helaina,Hallgath,hhallgathc@gmpg.org,Female,19.24.184.58
14,Leonie,Bagot,lbagotd@studiopress.com,Genderqueer,185.82.4.126
15,Ichabod,Beaty,ibeatye@nba.com,Male,29.162.100.206
16,Bary,Blaik,bblaikf@hubpages.com,Male,152.238.83.79
17,Margaux,Drowsfield,mdrowsfieldg@amazon.com,Female,24.240.251.48
18,Shanda,Fronks,sfronksh@tiny.cc,Female,73.10.237.132
19,Ruttger,Slyvester,rslyvesteri@weibo.com,Male,182.214.90.78
20,Jamaal,Doumic,jdoumicj@columbia.edu,Male,224.104.252.47
21,Morly,Kikke,mkikkek@spiegel.de,Male,39.170.135.5
22,Melodie,Mobius,mmobiusl@apache.org,Female,144.18.127.189
23,Siana,Algar,salgarm@marriott.com,Female,229.22.34.150
24,Nial,Oxenbury,noxenburyn@google.com.br,Male,42.248.55.216
25,Petrina,Hymus,phymuso@netlog.com,Polygender,130.199.108.206
26,Roseann,Thirlaway,rthirlawayp@apache.org,Female,62.165.236.114
27,Dosi,Waberer,dwabererq@seattletimes.com,Genderqueer,84.255.245.155
28,Shae,Cowlishaw,scowlishawr@un.org,Female,208.156.207.49
29,Nicoline,Bassham,nbasshams@skyrock.com,Female,71.71.132.56
30,Deloris,Vlach,dvlacht@i2i.jp,Female,222.192.233.190
31,Antonie,McCarry,amccarryu@noaa.gov,Genderqueer,120.99.212.214
32,Robinet,Jewess,rjewessv@google.pl,Male,165.29.10.46
33,Dalt,Mounce,dmouncew@timesonline.co.uk,Male,115.106.46.95
34,Gert,Sivyer,gsivyerx@google.com.hk,Female,11.164.67.99
35,Benny,Dodding,bdoddingy@ucoz.com,Female,118.153.193.192
36,Delila,Tiffin,dtiffinz@altervista.org,Female,215.109.129.98
37,Hilde,Cash,hcash10@miitbeian.gov.cn,Female,30.39.189.112
38,Town,Packwood,tpackwood11@drupal.org,Male,107.85.188.63
39,Bamby,Ferandez,bferandez12@deviantart.com,Female,51.135.193.103
40,Lory,Rikel,lrikel13@tumblr.com,Female,68.235.143.68
41,Julie,Jaslem,jjaslem14@chicagotribune.com,Male,145.26.41.240
42,Lew,Fussen,lfussen15@businesswire.com,Male,232.51.115.122
43,Jordain,Butfield,jbutfield16@livejournal.com,Female,251.84.72.117
44,Sileas,De la Yglesia,sdelayglesia17@timesonline.co.uk,Female,101.35.205.22
45,Ealasaid,Tinkham,etinkham18@mapy.cz,Female,121.77.149.145
46,Cinnamon,Ellor,cellor19@imgur.com,Female,58.45.8.107
47,Helenka,Pawley,hpawley1a@google.ca,Female,61.226.0.185
48,Aubert,Eringey,aeringey1b@telegraph.co.uk,Male,155.178.51.0
49,Rozanna,Fowkes,rfowkes1c@clickbank.net,Female,189.193.228.107
50,Ulrick,Worsom,uworsom1d@timesonline.co.uk,Male,1.58.151.57
51,Gale,McPhelim,gmcphelim1e@topsy.com,Agender,243.189.34.158
52,Binnie,Alexandersson,balexandersson1f@usatoday.com,Female,124.78.147.2
53,Hedwiga,Caron,hcaron1g@globo.com,Female,59.135.151.193
54,Kaycee,Zorro,kzorro1h@51.la,Bigender,240.170.60.16
55,Mackenzie,Gummery,mgummery1i@adobe.com,Male,185.210.179.31
56,Robinetta,Ware,rware1j@youtube.com,Female,116.28.177.18
57,Urban,Cullagh,ucullagh1k@weather.com,Male,48.109.111.64
58,Pamelina,Castro,pcastro1l@deliciousdays.com,Female,60.44.202.160
59,Kirbie,Grinyakin,kgrinyakin1m@techcrunch.com,Female,68.205.22.99
60,Reg,Cosgry,rcosgry1n@naver.com,Bigender,63.125.43.179
61,Nerte,Manifould,nmanifould1o@1und1.de,Female,167.190.232.213
62,Patin,Maps,pmaps1p@nydailynews.com,Male,94.111.160.162
63,Armand,Jonathon,ajonathon1q@nyu.edu,Male,118.24.235.3
64,Mildrid,Iannazzi,miannazzi1r@istockphoto.com,Female,243.124.229.146
65,Roman,Edess,redess1s@simplemachines.org,Male,253.104.189.216
66,Merle,Kobiela,mkobiela1t@nhs.uk,Male,223.10.162.225
67,Nelle,Gell,ngell1u@yellowbook.com,Female,83.234.139.23
68,Gerty,Rannie,grannie1v@google.ru,Female,18.225.34.92
69,Nial,Bernade,nbernade1w@g.co,Male,12.69.248.255
70,Harland,Sidlow,hsidlow1x@chron.com,Male,188.251.216.89
71,Helaine,Kiwitz,hkiwitz1y@sitemeter.com,Female,41.215.9.35
72,Sisile,Pudden,spudden1z@epa.gov,Female,163.188.175.177
73,Elihu,Gergher,egergher20@theglobeandmail.com,Male,93.168.200.203
74,Giacopo,Colisbe,gcolisbe21@thetimes.co.uk,Male,35.255.117.175
75,Marianna,Cardall,mcardall22@bloglines.com,Female,233.25.86.31
76,Hazel,Rosenboim,hrosenboim23@psu.edu,Agender,218.208.188.54
77,Emmy,Kurth,ekurth24@lycos.com,Male,223.43.155.204
78,Roxi,Hollyer,rhollyer25@examiner.com,Female,65.47.2.3
79,Nollie,Handasyde,nhandasyde26@pinterest.com,Male,136.128.221.142
80,Bruce,McLaverty,bmclaverty27@behance.net,Male,238.162.171.133
81,Clerkclaude,Whittock,cwhittock28@indiegogo.com,Male,212.143.142.189
82,Carney,Kohlert,ckohlert29@upenn.edu,Male,34.68.156.46
83,Nonah,Lippett,nlippett2a@cmu.edu,Female,54.158.13.245
84,Nikki,Farlambe,nfarlambe2b@t.co,Female,189.5.253.252
85,Marietta,Matura,mmatura2c@dyndns.org,Female,77.184.244.66
86,Beilul,Gibson,bgibson2d@prlog.org,Female,200.134.201.161
87,Tuckie,Dmytryk,tdmytryk2e@cnbc.com,Male,199.5.3.34
88,Carolyne,Curnick,ccurnick2f@shutterfly.com,Female,74.33.230.74
89,Hayden,Orgill,horgill2g@accuweather.com,Male,13.200.111.31
90,Kelcy,Alliott,kalliott2h@technorati.com,Female,117.105.87.250
91,Ola,Tetther,otetther2i@domainmarket.com,Female,59.32.200.225
92,Dorothee,Jodlkowski,djodlkowski2j@spotify.com,Female,132.235.56.129
93,Reinald,Sekulla,rsekulla2k@nasa.gov,Male,124.87.166.129
94,Sherwood,Axleby,saxleby2l@unc.edu,Male,144.191.29.90
95,Josh,Shurrocks,jshurrocks2m@omniture.com,Male,238.26.52.175
96,Sibby,Tombleson,stombleson2n@4shared.com,Female,72.125.184.76
97,Emeline,Ings,eings2o@psu.edu,Non-binary,158.104.201.114
98,Kattie,Strivens,kstrivens2p@simplemachines.org,Agender,175.111.129.205
99,Cosette,Mager,cmager2q@fc2.com,Female,146.5.78.84
100,Mada,Steade,msteade2r@slideshare.net,Female,54.234.111.87
101,Uta,Basili,ubasili2s@slate.com,Female,33.53.91.112
102,Flint,Moth,fmoth2t@dion.ne.jp,Male,77.122.166.33
103,Anni,Clemmett,aclemmett2u@usatoday.com,Female,90.124.145.231
104,Bertram,Simonin,bsimonin2v@bloglines.com,Male,71.166.91.244
105,Merrilee,Feron,mferon2w@furl.net,Female,66.131.190.105
106,Brnaba,Haining,bhaining2x@hao123.com,Male,1.101.252.202
107,Burnaby,Annies,bannies2y@slate.com,Male,201.12.188.29
108,Xenos,Wildish,xwildish2z@acquirethisname.com,Male,128.3.58.131
109,Carlie,Beckinsale,cbeckinsale30@altervista.org,Male,246.208.141.250
110,Grantley,Firebrace,gfirebrace31@newsvine.com,Male,209.217.173.124
111,Carri,Philipson,cphilipson32@sina.com.cn,Polygender,224.46.109.168
112,Judie,Kensall,jkensall33@hao123.com,Female,64.118.210.190
113,Aloysius,Farnfield,afarnfield34@disqus.com,Male,242.218.141.95
114,Zia,Kinkade,zkinkade35@uol.com.br,Female,199.92.147.62
115,Adan,Bridewell,abridewell36@reddit.com,Male,142.164.73.115
116,Casie,Dawney,cdawney37@last.fm,Female,158.204.23.231
117,Kirbie,Jankovsky,kjankovsky38@rakuten.co.jp,Female,209.83.184.176
118,Cindie,Dunkley,cdunkley39@hibu.com,Female,249.226.60.238
119,Hadria,Romanski,hromanski3a@miibeian.gov.cn,Non-binary,45.147.157.50
120,Huntley,O'Keeffe,hokeeffe3b@wufoo.com,Male,168.59.240.144
121,Hi,Bentley,hbentley3c@cam.ac.uk,Male,203.167.222.127
122,Dillie,Grafton,dgrafton3d@oaic.gov.au,Male,219.185.85.135
123,Tiffy,Dewitt,tdewitt3e@ocn.ne.jp,Female,97.24.157.175
124,Vinny,Matushevich,vmatushevich3f@pcworld.com,Male,21.239.180.241
125,Bobbie,Angerstein,bangerstein3g@google.pl,Male,166.170.84.178
126,Mirabella,Fawlo,mfawlo3h@craigslist.org,Female,42.197.218.198
127,Laina,McEllen,lmcellen3i@rambler.ru,Female,216.86.35.44
128,Berenice,Borgars,bborgars3j@hostgator.com,Female,34.177.14.236
129,Dill,Emmet,demmet3k@toplist.cz,Male,211.222.123.159
130,Inna,Doumer,idoumer3l@sciencedirect.com,Female,3.107.131.80
131,Marianne,Dimanche,mdimanche3m@360.cn,Female,28.233.195.111
132,Kayne,Cawsy,kcawsy3n@rambler.ru,Polygender,154.141.63.27
133,Web,Loosmore,wloosmore3o@virginia.edu,Male,144.154.37.22
134,Jaquenette,Rusk,jrusk3p@digg.com,Female,160.173.146.111
135,Ogden,Tupper,otupper3q@mit.edu,Male,45.221.7.209
136,Brigit,Boarer,bboarer3r@icio.us,Female,31.127.124.236
137,Tomasine,Spadaro,tspadaro3s@hibu.com,Female,184.219.145.237
138,Faye,Keeley,fkeeley3t@blogger.com,Non-binary,221.119.242.210
139,Rutherford,Champneys,rchampneys3u@comcast.net,Male,27.183.232.114
140,Ernestus,Roderham,eroderham3v@quantcast.com,Male,35.20.158.203
141,Nero,Goodwins,ngoodwins3w@simplemachines.org,Male,8.194.193.124
142,Misty,Christoforou,mchristoforou3x@bluehost.com,Female,18.79.61.147
143,April,Slate,aslate3y@yahoo.com,Female,97.242.53.214
144,Tucker,Scully,tscully3z@statcounter.com,Male,179.165.129.200
145,Anitra,Swaite,aswaite40@army.mil,Female,7.235.144.62
146,Linet,Souter,lsouter41@wiley.com,Bigender,255.37.124.61
147,Marvin,Quinnet,mquinnet42@yale.edu,Male,161.130.207.186
148,Cynde,Espie,cespie43@godaddy.com,Female,105.160.23.238
149,Derick,Ridd,dridd44@booking.com,Male,104.31.106.234
150,Marsha,Nadin,mnadin45@ameblo.jp,Polygender,176.145.207.252
151,Ariela,Mullane,amullane46@lulu.com,Female,20.51.14.86
152,Jeromy,Wise,jwise47@stanford.edu,Male,214.116.85.86
153,Estrella,Hoggins,ehoggins48@vk.com,Female,178.90.55.76
154,Zorine,McQuirter,zmcquirter49@google.nl,Female,138.171.226.238
155,Lawrence,Southworth,lsouthworth4a@paypal.com,Male,59.254.6.134
156,Kyla,Caplen,kcaplen4b@microsoft.com,Female,147.134.227.107
157,Park,Tysack,ptysack4c@dagondesign.com,Male,147.152.165.89
158,Kath,Binney,kbinney4d@mapquest.com,Polygender,62.112.119.17
159,Tawsha,Danneil,tdanneil4e@moonfruit.com,Female,193.19.246.125
160,Ransell,Culleford,rculleford4f@dell.com,Male,49.80.193.23
161,Galina,Wombwell,gwombwell4g@bloomberg.com,Female,67.240.23.93
162,Vevay,Simcock,vsimcock4h@google.com.au,Female,236.152.246.26
163,Eugen,Tanswill,etanswill4i@canalblog.com,Male,58.72.174.19
164,Michelina,Bicksteth,mbicksteth4j@gmpg.org,Female,168.87.47.187
165,Tymothy,Jacobsson,tjacobsson4k@last.fm,Male,20.66.221.220
166,Jenelle,Evill,jevill4l@amazonaws.com,Female,196.132.134.140
167,Ula,Douty,udouty4m@chicagotribune.com,Female,19.12.89.30
168,Travus,Eronie,teronie4n@zimbio.com,Male,17.239.9.236
169,Josi,Draysey,jdraysey4o@elegantthemes.com,Genderfluid,58.27.214.34
170,Sadella,Flowitt,sflowitt4p@phpbb.com,Female,53.166.45.219
171,Alvie,Suggett,asuggett4q@technorati.com,Male,179.81.117.135
172,Lilas,Mayling,lmayling4r@economist.com,Non-binary,27.115.118.171
173,Leon,Capron,lcapron4s@weather.com,Male,5.63.195.74
174,Shaine,Borkett,sborkett4t@bloomberg.com,Female,63.51.207.137
175,Conn,Cuttelar,ccuttelar4u@free.fr,Male,188.96.23.222
176,Leonidas,Acott,lacott4v@eepurl.com,Male,253.160.252.88
177,Cicely,Leppington,cleppington4w@list-manage.com,Female,208.129.107.142
178,Keefer,Vint,kvint4x@joomla.org,Male,159.76.170.162
179,Stavros,Harower,sharower4y@google.com.br,Male,161.240.182.93
180,Emlyn,Scutt,escutt4z@tinypic.com,Male,145.212.136.69
181,Timmie,Fairhead,tfairhead50@gizmodo.com,Female,4.111.225.139
182,Emmerich,Kyncl,ekyncl51@ow.ly,Male,245.173.5.147
183,Fulvia,Duhig,fduhig52@1und1.de,Female,247.204.36.235
184,Nicholas,Neame,nneame53@mlb.com,Male,182.211.200.3
185,Juliann,Nabarro,jnabarro54@imageshack.us,Female,216.87.185.107
186,Roscoe,Sheahan,rsheahan55@ucoz.com,Male,68.147.12.102
187,Morgana,Barriball,mbarriball56@oakley.com,Female,121.13.153.69
188,Juanita,Yeomans,jyeomans57@bloomberg.com,Female,60.230.52.11
189,Madelina,Wybrow,mwybrow58@princeton.edu,Female,185.241.231.21
190,Maureene,Briant,mbriant59@simplemachines.org,Female,84.157.67.43
191,Ardella,Roubay,aroubay5a@nature.com,Female,253.206.200.95
192,Amy,Gerin,agerin5b@meetup.com,Genderqueer,35.204.127.54
193,Jonathon,Dodman,jdodman5c@google.it,Male,187.136.228.187
194,Fernandina,Lenihan,flenihan5d@cnbc.com,Female,120.219.85.211
195,Armand,Adshede,aadshede5e@jimdo.com,Male,128.220.245.142
196,Kynthia,Simione,ksimione5f@technorati.com,Female,31.145.156.204
197,Samson,Freake,sfreake5g@washington.edu,Male,28.132.59.132
198,Kiley,Boosey,kboosey5h@networkadvertising.org,Male,50.69.85.48
199,Christoffer,Gunnell,cgunnell5i@kickstarter.com,Male,215.213.101.93
200,Johnathan,Sartin,jsartin5j@gnu.org,Male,222.100.148.131
201,Onfre,Mollindinia,omollindinia5k@acquirethisname.com,Male,86.162.110.143
202,Lanie,Mangeney,lmangeney5l@chronoengine.com,Male,73.166.32.79
203,Bran,Tristram,btristram5m@dell.com,Male,103.48.163.6
204,Pennie,Sherbrooke,psherbrooke5n@wufoo.com,Genderqueer,8.209.73.58
205,Guthrey,Huckerbe,ghuckerbe5o@pinterest.com,Male,32.175.0.153
206,Kirsteni,Gheorghie,kgheorghie5p@simplemachines.org,Genderqueer,34.224.38.32
207,Inglis,Sizey,isizey5q@bloomberg.com,Polygender,119.34.87.123
208,Byron,Dosdill,bdosdill5r@cpanel.net,Male,83.17.97.174
209,Raviv,Hein,rhein5s@php.net,Male,74.171.98.227
210,Fonzie,Blazek,fblazek5t@goo.gl,Male,19.55.243.34
211,Nertie,Leader,nleader5u@ucoz.com,Female,150.134.180.53
212,Betti,Leber,bleber5v@biglobe.ne.jp,Female,21.5.99.70
213,Berkly,Cramond,bcramond5w@ft.com,Male,51.161.29.66
214,Walden,Thomazet,wthomazet5x@stumbleupon.com,Male,144.88.45.10
215,Lisle,Jennens,ljennens5y@exblog.jp,Male,101.166.26.253
216,Luke,Yeoland,lyeoland5z@eepurl.com,Male,201.127.62.74
217,Imojean,Plaunch,iplaunch60@tinyurl.com,Female,221.249.27.75
218,Matty,Kissock,mkissock61@columbia.edu,Male,141.162.188.63
219,Brnaba,Addy,baddy62@w3.org,Male,201.106.26.8
220,Karl,Cains,kcains63@msu.edu,Male,133.9.167.67
221,Nerty,Lammie,nlammie64@omniture.com,Female,77.171.235.57
222,Noby,Pley,npley65@bbb.org,Male,129.80.181.206
223,Alis,McKeighan,amckeighan66@wsj.com,Female,225.129.247.202
224,Brad,Lidierth,blidierth67@cnet.com,Male,54.21.186.57
225,Eugene,Andersson,eandersson68@youtu.be,Male,65.95.48.146
226,Chas,Southward,csouthward69@cisco.com,Male,238.56.120.195
227,Jo-anne,Hlavecek,jhlavecek6a@china.com.cn,Female,23.160.211.93
228,Rubina,Tuxsell,rtuxsell6b@shareasale.com,Female,110.137.64.12
229,Mahalia,Earwicker,mearwicker6c@nationalgeographic.com,Female,190.52.245.22
230,Rhys,Isgar,risgar6d@ezinearticles.com,Male,78.125.69.132
231,Valerie,Jakubovsky,vjakubovsky6e@bing.com,Female,77.242.85.217
232,Aubrette,Kadd,akadd6f@dmoz.org,Female,5.83.6.251
233,Gianna,Sphinxe,gsphinxe6g@flickr.com,Female,9.196.137.153
234,Mahala,Giannini,mgiannini6h@miibeian.gov.cn,Bigender,148.77.188.194
235,Moishe,Laurant,mlaurant6i@wiley.com,Genderqueer,201.237.4.35
236,Ricca,MacSorley,rmacsorley6j@hatena.ne.jp,Female,109.137.183.178
237,Nerissa,Jouannot,njouannot6k@ihg.com,Female,111.159.143.255
238,Ardene,Duckfield,aduckfield6l@umich.edu,Non-binary,199.38.41.85
239,Elaine,Danilenko,edanilenko6m@wufoo.com,Female,186.118.171.156
240,Joane,Buse,jbuse6n@alexa.com,Female,199.216.254.62
241,Raimund,Nottingham,rnottingham6o@360.cn,Male,201.151.218.245
242,Hector,Tommis,htommis6p@deviantart.com,Male,213.198.9.181
243,Roslyn,Darnody,rdarnody6q@github.io,Female,248.101.251.208
244,Tommie,Morit,tmorit6r@usa.gov,Male,229.130.198.165
245,Padget,Blasetti,pblasetti6s@soundcloud.com,Male,128.108.57.0
246,Netta,Hassett,nhassett6t@feedburner.com,Female,115.42.251.79
247,Vilhelmina,Lenchenko,vlenchenko6u@1und1.de,Female,199.140.17.219
248,Alfonse,Finnie,afinnie6v@biblegateway.com,Male,1.159.15.96
249,Ollie,Grindrod,ogrindrod6w@nationalgeographic.com,Female,98.225.212.20
250,Maisey,Newbury,mnewbury6x@over-blog.com,Female,106.60.128.13
251,Cynthie,Hutchinges,chutchinges6y@gravatar.com,Female,139.150.35.222
252,Anstice,Eberle,aeberle6z@privacy.gov.au,Female,8.12.222.6
253,Lilas,Carayol,lcarayol70@skyrock.com,Female,79.116.19.126
254,Caddric,Tallet,ctallet71@prnewswire.com,Genderqueer,49.199.49.134
255,Alf,Dalrymple,adalrymple72@wikipedia.org,Male,7.131.159.143
256,Jennilee,Thewless,jthewless73@parallels.com,Female,191.2.137.251
257,La verne,Maudling,lmaudling74@engadget.com,Female,53.89.248.128
258,Grethel,Rodwell,grodwell75@blinklist.com,Female,10.102.136.137
259,Cchaddie,Bentke,cbentke76@yellowpages.com,Male,201.151.238.150
260,Antonie,Partrick,apartrick77@salon.com,Female,91.113.142.23
261,Derrick,Mewburn,dmewburn78@google.ru,Male,93.191.157.43
262,Gabrielle,Alkin,galkin79@wisc.edu,Female,229.191.80.247
263,Pancho,Conkay,pconkay7a@indiegogo.com,Genderqueer,9.109.53.253
264,Brew,Skeeles,bskeeles7b@nhs.uk,Male,189.130.196.63
265,Bonny,le Keux,blekeux7c@statcounter.com,Female,73.225.223.248
266,Belvia,Figgess,bfiggess7d@chronoengine.com,Female,139.22.88.96
267,Donall,McCane,dmccane7e@twitter.com,Male,225.249.228.252
268,Manon,Malan,mmalan7f@i2i.jp,Bigender,230.14.43.149
269,Ingrim,Gajownik,igajownik7g@com.com,Male,169.152.205.205
270,Alethea,Farens,afarens7h@nymag.com,Female,40.239.52.103
271,Theodosia,Pattisson,tpattisson7i@ning.com,Female,89.136.80.144
272,Jodi,Medeway,jmedeway7j@typepad.com,Male,77.36.37.189
273,Delcine,Godart,dgodart7k@earthlink.net,Female,141.188.148.102
274,Saunders,Boucher,sboucher7l@unesco.org,Male,94.251.116.212
275,Timmie,Edgeley,tedgeley7m@sourceforge.net,Male,78.106.199.89
276,Ronnie,Pasek,rpasek7n@angelfire.com,Male,219.47.169.196
277,Washington,Truggian,wtruggian7o@desdev.cn,Male,6.1.101.229
278,Jerome,Smickle,jsmickle7p@constantcontact.com,Male,50.172.227.146
279,Faunie,Le Port,fleport7q@spotify.com,Female,95.65.54.214
280,Meade,Varnam,mvarnam7r@zimbio.com,Male,240.227.167.192
281,Jedediah,Pavolillo,jpavolillo7s@earthlink.net,Male,76.144.142.246
282,Isaiah,Keer,ikeer7t@squidoo.com,Male,83.196.158.39
283,Sam,Drewry,sdrewry7u@google.de,Male,106.37.207.131
284,Ripley,Postance,rpostance7v@fema.gov,Male,87.157.221.230
285,Cash,Boagey,cboagey7w@elpais.com,Bigender,4.170.219.179
286,Nariko,Stove,nstove7x@upenn.edu,Female,211.209.194.10
287,Nowell,Gahan,ngahan7y@weibo.com,Male,238.157.48.75
288,Joey,Bandy,jbandy7z@shutterfly.com,Male,157.246.233.13
289,Jeniece,Coat,jcoat80@tiny.cc,Female,154.232.52.45
290,Christel,Jansens,cjansens81@hc360.com,Female,241.132.92.246
291,Lanny,Matthews,lmatthews82@mashable.com,Male,108.163.189.50
292,Judy,Ludlamme,jludlamme83@tamu.edu,Female,240.25.29.233
293,Pris,Gaythwaite,pgaythwaite84@google.fr,Female,155.53.40.166
294,Burnaby,Valdes,bvaldes85@de.vu,Male,204.231.144.141
295,Noe,Grayer,ngrayer86@salon.com,Male,252.179.90.199
296,Gilly,Newlands,gnewlands87@tripod.com,Female,1.91.85.24
297,Aubree,Clines,aclines88@facebook.com,Female,255.208.135.109
298,Pamela,MacWilliam,pmacwilliam89@hatena.ne.jp,Female,34.194.106.50
299,Xena,Cattach,xcattach8a@prnewswire.com,Female,89.211.166.126
300,Omero,Labat,olabat8b@soundcloud.com,Polygender,5.238.162.42
301,Wendi,Swann,wswann8c@odnoklassniki.ru,Female,62.182.53.153
302,Lindsy,Banthorpe,lbanthorpe8d@multiply.com,Non-binary,142.236.218.187
303,Richart,Blacklock,rblacklock8e@amazon.co.uk,Male,58.218.225.46
304,Berne,De Leek,bdeleek8f@pbs.org,Male,136.239.149.27
305,Charlean,Bleasdille,cbleasdille8g@arizona.edu,Female,64.137.51.84
306,Dicky,Sarra,dsarra8h@google.fr,Male,77.111.12.10
307,Tedd,Scane,tscane8i@is.gd,Male,85.97.83.17
308,Giffie,Danilowicz,gdanilowicz8j@howstuffworks.com,Male,162.29.202.155
309,Wainwright,Cheke,wcheke8k@reverbnation.com,Male,167.229.199.160
310,Dilly,Bowes,dbowes8l@skype.com,Male,157.128.85.230
311,Kendell,Macourek,kmacourek8m@princeton.edu,Polygender,134.91.13.44
312,Jackelyn,Estrella,jestrella8n@pagesperso-orange.fr,Female,241.80.240.174
313,Sadye,Aleixo,saleixo8o@cdbaby.com,Female,233.67.13.190
314,Lucian,Haugg,lhaugg8p@omniture.com,Male,187.116.128.67
315,Leonanie,Rosenzwig,lrosenzwig8q@nba.com,Female,229.94.37.111
316,Tory,Saffill,tsaffill8r@boston.com,Female,26.31.27.169
317,Olimpia,Jewsbury,ojewsbury8s@usnews.com,Female,240.229.89.212
318,Robbin,Brogiotti,rbrogiotti8t@engadget.com,Female,8.95.109.25
319,Fara,Londors,flondors8u@dyndns.org,Female,126.225.97.35
320,Georgette,Messam,gmessam8v@bloglines.com,Female,92.62.185.32
321,Wilmer,Metzig,wmetzig8w@gnu.org,Male,146.222.249.252
322,Page,Chesshyre,pchesshyre8x@discuz.net,Female,182.54.246.194
323,Hunt,Hanselmann,hhanselmann8y@mayoclinic.com,Male,42.234.140.238
324,Dirk,Belhome,dbelhome8z@intel.com,Male,121.3.114.165
325,Arlana,Hardiman,ahardiman90@oaic.gov.au,Female,22.248.225.50
326,Celie,Ellings,cellings91@qq.com,Female,107.109.219.145
327,Rudd,Peatt,rpeatt92@salon.com,Male,111.14.194.107
328,Briny,Waldock,bwaldock93@com.com,Female,62.28.201.227
329,Bartlet,Garvin,bgarvin94@yelp.com,Male,145.4.60.196
330,Philippine,Nisbith,pnisbith95@cmu.edu,Agender,40.80.95.96
331,Rania,Craddy,rcraddy96@howstuffworks.com,Polygender,181.95.148.151
332,Bennett,Mountford,bmountford97@sourceforge.net,Male,68.183.183.131
333,Kurt,Batteson,kbatteson98@usda.gov,Male,239.189.141.173
334,Melisent,Lowis,mlowis99@surveymonkey.com,Female,147.129.231.23
335,Irita,Arney,iarney9a@rakuten.co.jp,Female,73.245.178.40
336,Charlean,Fortesquieu,cfortesquieu9b@ucoz.com,Female,171.27.83.157
337,Rudolf,Harower,rharower9c@domainmarket.com,Male,189.32.193.69
338,Bobinette,Wytchard,bwytchard9d@mozilla.org,Female,173.32.65.228
339,Gavra,Van der Kruys,gvanderkruys9e@latimes.com,Female,42.99.215.233
340,Neddie,Tribble,ntribble9f@berkeley.edu,Male,108.200.208.41
341,Hyacinth,Wiltshaw,hwiltshaw9g@infoseek.co.jp,Female,151.239.214.96
342,Carolyn,Abrahams,cabrahams9h@arizona.edu,Female,115.38.92.47
343,Evangelia,Schonfelder,eschonfelder9i@omniture.com,Female,113.93.93.169
344,Shurlocke,Hitzke,shitzke9j@pbs.org,Male,223.26.49.127
345,Orran,Rydings,orydings9k@altervista.org,Male,173.182.95.121
346,Gilbert,Tonge,gtonge9l@mediafire.com,Agender,232.69.215.235
347,Meade,Stephens,mstephens9m@phoca.cz,Male,189.96.44.245
348,Margot,Baford,mbaford9n@europa.eu,Female,243.211.130.238
349,Philomena,Dearnaly,pdearnaly9o@cyberchimps.com,Female,108.246.80.24
350,Agnola,Mirralls,amirralls9p@princeton.edu,Bigender,57.45.186.63
351,Winfield,Jakov,wjakov9q@google.es,Male,79.243.38.244
352,Sollie,Disbury,sdisbury9r@newyorker.com,Polygender,218.3.52.11
353,Jaquenette,Bircher,jbircher9s@sogou.com,Female,190.97.168.51
354,Thurston,Dukes,tdukes9t@un.org,Male,8.182.118.240
355,Nigel,Marton,nmarton9u@mashable.com,Male,170.221.54.203
356,Thalia,Drain,tdrain9v@disqus.com,Female,224.174.8.168
357,Sashenka,Loads,sloads9w@ucsd.edu,Female,16.99.70.23
358,Madelin,Devlin,mdevlin9x@booking.com,Female,79.242.249.220
359,Malachi,Eales,meales9y@webnode.com,Male,57.161.223.230
360,Renault,Fickling,rfickling9z@pen.io,Male,17.254.5.125
361,Alastair,Wickey,awickeya0@goo.ne.jp,Male,245.246.195.39
362,Antonie,Whitecross,awhitecrossa1@gravatar.com,Female,164.70.77.176
363,Salem,Legier,slegiera2@opensource.org,Male,101.45.206.148
364,Trenna,Galgey,tgalgeya3@ibm.com,Female,209.230.223.216
365,Arv,Morling,amorlinga4@umich.edu,Male,224.197.58.19
366,Nicola,Ruddiforth,nruddifortha5@google.cn,Female,35.124.131.148
367,Benson,Trevithick,btrevithicka6@unesco.org,Male,130.40.46.99
368,Wylma,Litherborough,wlitherborougha7@nationalgeographic.com,Female,231.37.243.131
369,Angele,Grosier,agrosiera8@t.co,Female,52.208.155.164
370,Stafford,Izhakov,sizhakova9@unc.edu,Male,69.128.243.176
371,Sauncho,Lippiello,slippielloaa@phoca.cz,Genderfluid,145.148.169.30
372,Shermy,Cumpton,scumptonab@cdbaby.com,Male,66.8.137.179
373,Angus,Jacquemot,ajacquemotac@biglobe.ne.jp,Male,56.31.118.166
374,Pedro,Frayne,pfraynead@youku.com,Male,213.64.45.138
375,Deck,Stormont,dstormontae@msn.com,Male,93.234.187.198
376,Gabi,Coverly,gcoverlyaf@mysql.com,Male,3.229.41.248
377,Hall,Moughtin,hmoughtinag@last.fm,Male,25.111.175.151
378,Nikolia,Bridal,nbridalah@gizmodo.com,Female,152.89.140.225
379,Ailey,Randleson,arandlesonai@altervista.org,Female,11.134.35.64
380,Gerrilee,Collecott,gcollecottaj@soundcloud.com,Female,18.113.92.75
381,Swen,Johnes,sjohnesak@samsung.com,Male,223.254.94.2
382,Dulcine,Chaudret,dchaudretal@ow.ly,Female,125.63.7.142
383,Xena,Mara,xmaraam@epa.gov,Female,254.230.191.50
384,Chiquita,Lavelle,clavellean@si.edu,Female,211.105.135.205
385,Beauregard,Stuer,bstuerao@cloudflare.com,Male,94.211.43.79
386,Sissie,Eagers,seagersap@apple.com,Female,7.197.58.101
387,Donalt,Fanning,dfanningaq@odnoklassniki.ru,Male,49.166.64.218
388,Tremain,Gentner,tgentnerar@bandcamp.com,Male,248.246.185.131
389,Isaac,Hallas,ihallasas@shinystat.com,Male,142.212.16.72
390,Sharai,Aronovich,saronovichat@storify.com,Female,68.27.162.77
391,Alvina,Bail,abailau@unc.edu,Female,143.231.134.108
392,Aleda,Watt,awattav@myspace.com,Female,170.143.159.6
393,Cale,Hassent,chassentaw@ftc.gov,Male,25.124.16.250
394,Nikki,Irvin,nirvinax@taobao.com,Male,93.99.148.15
395,Bartholomew,Fairnie,bfairnieay@facebook.com,Male,28.210.86.83
396,Kipper,Doorey,kdooreyaz@rediff.com,Male,81.252.207.27
397,Spenser,Grabbam,sgrabbamb0@i2i.jp,Polygender,81.1.32.108
398,Arley,Rawes,arawesb1@usda.gov,Male,237.246.75.137
399,Joseph,Harsant,jharsantb2@t-online.de,Male,50.2.1.122
400,Zacharias,Cartman,zcartmanb3@macromedia.com,Male,192.37.178.202
401,Arel,Grieswood,agrieswoodb4@imageshack.us,Male,44.247.53.27
402,Tibold,Braxton,tbraxtonb5@java.com,Male,213.211.197.250
403,Tammi,Jiru,tjirub6@latimes.com,Female,221.76.8.80
404,Kerk,Linsley,klinsleyb7@hexun.com,Non-binary,169.5.35.173
405,Trefor,Hovard,thovardb8@simplemachines.org,Male,68.26.246.179
406,Jobi,Fearnyough,jfearnyoughb9@nymag.com,Female,28.209.3.233
407,Rosco,Isard,risardba@spiegel.de,Male,221.52.227.95
408,Juliet,Gopsell,jgopsellbb@themeforest.net,Female,234.104.46.72
409,Leicester,Adney,ladneybc@dailymotion.com,Male,80.158.45.178
410,Reinald,Dunrige,rdunrigebd@guardian.co.uk,Male,83.231.244.220
411,Carlota,Fahy,cfahybe@list-manage.com,Female,154.164.10.113
412,Dianna,Swinfon,dswinfonbf@uol.com.br,Female,3.53.189.58
413,Guglielmo,Aslen,gaslenbg@geocities.jp,Male,0.219.198.172
414,Odie,Bernardos,obernardosbh@mediafire.com,Bigender,7.27.114.47
415,Tiena,Dracey,tdraceybi@opera.com,Female,236.195.80.155
416,Merwyn,Bolliver,mbolliverbj@census.gov,Bigender,101.45.47.79
417,Iolande,Wallen,iwallenbk@yahoo.com,Female,171.95.55.223
418,Trace,Conybear,tconybearbl@globo.com,Male,80.14.251.232
419,Austine,Olivier,aolivierbm@blog.com,Female,194.250.179.39
420,Rutter,Sikorski,rsikorskibn@abc.net.au,Male,98.42.203.32
421,Abel,Corrado,acorradobo@hostgator.com,Male,175.192.204.159
422,Quincy,Torbet,qtorbetbp@house.gov,Bigender,201.110.196.218
423,Rodrigo,Brum,rbrumbq@t-online.de,Male,230.181.73.87
424,Karola,Ca,kcabr@unesco.org,Female,142.68.92.39
425,Antoinette,Sellar,asellarbs@independent.co.uk,Female,186.132.0.237
426,Spence,Shasnan,sshasnanbt@globo.com,Male,138.28.237.28
427,Alexandros,Baggelley,abaggelleybu@usda.gov,Male,161.214.65.217
428,Denis,Gianolini,dgianolinibv@bandcamp.com,Male,143.82.181.19
429,Wilton,Line,wlinebw@who.int,Male,176.138.205.12
430,Jimmy,Takos,jtakosbx@businesswire.com,Male,165.194.240.215
431,Adele,Clogg,acloggby@economist.com,Female,228.238.99.244
432,Darice,Pawelski,dpawelskibz@gov.uk,Genderqueer,92.113.236.51
433,Eberhard,Tupie,etupiec0@mlb.com,Male,53.149.213.163
434,Rice,Pottinger,rpottingerc1@cbc.ca,Male,1.125.113.242
435,Domeniga,Cammack,dcammackc2@wunderground.com,Female,204.180.192.28
436,Skylar,O'Currine,socurrinec3@linkedin.com,Male,89.198.158.60
437,Cecilio,Bartlomieczak,cbartlomieczakc4@furl.net,Male,45.70.240.163
438,Hew,Grinin,hgrininc5@java.com,Male,31.13.6.26
439,Sloane,Thredder,sthredderc6@flickr.com,Male,145.22.93.199
440,Marvin,Spendlove,mspendlovec7@dmoz.org,Male,166.106.16.184
441,Gearard,Beeckx,gbeeckxc8@alexa.com,Male,35.150.86.147
442,Wendy,Geggie,wgeggiec9@free.fr,Female,14.205.62.131
443,Nicola,Huggen,nhuggenca@jiathis.com,Male,16.235.13.254
444,Joe,De Vere,jdeverecb@irs.gov,Male,240.248.94.192
445,Mozes,McCandie,mmccandiecc@nature.com,Male,12.173.194.27
446,Tommie,Bousfield,tbousfieldcd@redcross.org,Male,174.42.253.103
447,Noby,Killiner,nkillinerce@a8.net,Male,148.138.246.241
448,Marcelo,Velten,mveltencf@taobao.com,Male,42.206.47.72
449,Paulita,O'Hare,poharecg@alibaba.com,Female,200.133.12.209
450,Gwenora,Shewring,gshewringch@tmall.com,Female,74.44.2.18
451,Benedicto,Foxall,bfoxallci@typepad.com,Male,122.243.78.213
452,Ebonee,Kohlert,ekohlertcj@sbwire.com,Female,169.116.183.182
453,Coretta,Royce,croyceck@utexas.edu,Female,25.254.104.94
454,Kinsley,Decker,kdeckercl@netscape.com,Genderqueer,221.224.125.84
455,Evelina,Figiovanni,efigiovannicm@ebay.com,Female,168.222.148.50
456,Deanne,Gounod,dgounodcn@webmd.com,Female,229.83.19.29
457,Homerus,Cochern,hcochernco@home.pl,Male,222.34.61.229
458,Joelle,Bampfield,jbampfieldcp@about.me,Non-binary,234.57.51.137
459,Pauly,Gadman,pgadmancq@google.it,Male,2.5.1.119
460,Kay,Ocheltree,kocheltreecr@theguardian.com,Female,127.103.218.198
461,Florella,Poulglais,fpoulglaiscs@list-manage.com,Female,85.42.118.190
462,Zulema,Garnall,zgarnallct@time.com,Female,189.41.47.20
463,Rosemaria,Londsdale,rlondsdalecu@people.com.cn,Female,111.117.160.51
464,Marcos,Arnley,marnleycv@home.pl,Male,30.42.202.249
465,Jade,Lankford,jlankfordcw@163.com,Female,25.253.65.232
466,Zarla,Postians,zpostianscx@over-blog.com,Female,110.122.236.164
467,Donnamarie,Haynes,dhaynescy@zimbio.com,Female,6.92.195.48
468,Giulia,Ferriman,gferrimancz@mit.edu,Female,128.205.91.78
469,Lancelot,Calken,lcalkend0@utexas.edu,Male,117.219.115.96
470,Efrem,Oxlee,eoxleed1@about.me,Male,34.216.110.12
471,Adey,Abrahamoff,aabrahamoffd2@parallels.com,Polygender,227.198.236.9
472,Una,Pacher,upacherd3@time.com,Female,56.241.211.117
473,Foss,Guidetti,fguidettid4@sun.com,Male,190.152.55.115
474,Pietra,Garbert,pgarbertd5@indiegogo.com,Female,217.2.105.124
475,Marrissa,Birchner,mbirchnerd6@uol.com.br,Female,60.171.50.141
476,Rosco,Razzell,rrazzelld7@un.org,Male,47.21.193.5
477,Gracia,O'Rodane,gorodaned8@opensource.org,Female,250.138.112.134
478,Eachelle,Greatbatch,egreatbatchd9@sciencedaily.com,Female,253.185.8.65
479,Elisabeth,Soares,esoaresda@kickstarter.com,Female,14.72.9.208
480,Finlay,Craigg,fcraiggdb@yahoo.com,Male,75.137.208.185
481,Rourke,Bownd,rbownddc@fc2.com,Male,114.154.176.159
482,Janelle,Pinckard,jpinckarddd@europa.eu,Female,36.171.61.146
483,Willi,Thoday,wthodayde@discovery.com,Male,189.24.158.89
484,Hobart,Molnar,hmolnardf@comcast.net,Male,104.90.162.214
485,Briana,Petchey,bpetcheydg@gmpg.org,Female,11.101.90.5
486,Carmon,Cordoba,ccordobadh@quantcast.com,Female,36.228.146.241
487,Antoine,Aleksidze,aaleksidzedi@state.gov,Male,82.188.255.214
488,Reba,Corneille,rcorneilledj@sbwire.com,Female,220.28.185.44
489,Pauletta,Huggin,phuggindk@storify.com,Female,121.90.39.156
490,Evie,Sollett,esollettdl@last.fm,Female,2.236.71.106
491,Flo,Really,freallydm@google.pl,Female,107.159.160.78
492,Konrad,Norcop,knorcopdn@paypal.com,Male,38.31.91.56
493,Ardenia,Gulberg,agulbergdo@npr.org,Female,254.221.22.58
494,Teresita,Smeuin,tsmeuindp@buzzfeed.com,Female,188.138.50.166
495,Sheelah,Braham,sbrahamdq@europa.eu,Female,103.223.33.69
496,Roma,Dulieu,rdulieudr@flickr.com,Male,34.214.89.56
497,Milka,Snellman,msnellmands@g.co,Female,188.170.177.171
498,Balduin,Elphinston,belphinstondt@sitemeter.com,Male,97.144.247.139
499,Charita,Cuphus,ccuphusdu@chron.com,Female,184.6.116.215
500,Zerk,Calladine,zcalladinedv@bigcartel.com,Male,186.196.163.98
501,Licha,Le Blanc,lleblancdw@blogtalkradio.com,Female,37.10.101.189
502,Ferdy,Fere,fferedx@domainmarket.com,Male,216.97.46.165
503,Jesse,Hake,jhakedy@va.gov,Male,220.254.136.164
504,Denice,Sheran,dsherandz@bbb.org,Female,68.97.238.161
505,Ariana,Daynter,adayntere0@ovh.net,Female,38.160.76.14
506,Jeanie,Yurlov,jyurlove1@japanpost.jp,Female,159.239.123.185
507,Ursala,Minto,umintoe2@linkedin.com,Female,205.182.89.226
508,Lonee,Koles,lkolese3@furl.net,Female,170.254.95.171
509,Salvador,Mattussevich,smattusseviche4@alexa.com,Genderfluid,9.195.49.143
510,Lenard,Bram,lbrame5@bloglovin.com,Male,112.41.94.23
511,Ardys,Lethabridge,alethabridgee6@phpbb.com,Female,155.180.96.216
512,Lorenza,Parysowna,lparysownae7@hibu.com,Female,154.94.108.83
513,Link,Jouanot,ljouanote8@ihg.com,Male,228.255.183.3
514,Floyd,Cubbin,fcubbine9@domainmarket.com,Male,11.164.128.43
515,Maison,Warricker,mwarrickerea@blinklist.com,Male,181.245.8.141
516,Rozele,Pleavin,rpleavineb@patch.com,Female,98.21.179.25
517,Minette,Richings,mrichingsec@nytimes.com,Female,7.34.154.42
518,Morey,Penrose,mpenroseed@360.cn,Male,223.84.53.202
519,Sebastian,Nowlan,snowlanee@phoca.cz,Male,87.151.33.52
520,Iorgo,Hurford,ihurfordef@cpanel.net,Male,239.167.178.25
521,Lauritz,Jaggli,ljagglieg@de.vu,Male,90.213.65.229
522,Clair,Plank,cplankeh@tinyurl.com,Female,171.255.221.33
523,Cody,Scottrell,cscottrellei@yandex.ru,Female,19.121.69.172
524,Harry,Dinsale,hdinsaleej@constantcontact.com,Male,151.176.233.123
525,Gwyneth,Shacklady,gshackladyek@sphinn.com,Female,174.121.51.1
526,Elvis,Sheryn,esherynel@walmart.com,Genderfluid,15.109.44.216
527,Lorita,Ranstead,lransteadem@gravatar.com,Genderfluid,193.220.0.85
528,Ronda,Stairmand,rstairmanden@npr.org,Genderqueer,161.193.24.75
529,Jarret,Wapplington,jwapplingtoneo@sbwire.com,Non-binary,102.145.228.157
530,Reuven,Brayfield,rbrayfieldep@bravesites.com,Male,26.236.158.69
531,Lacey,True,ltrueeq@rediff.com,Female,206.131.126.127
532,Averyl,Waker,awakerer@columbia.edu,Female,137.135.36.13
533,Billie,Winscum,bwinscumes@ibm.com,Male,143.154.131.186
534,Stafford,Guyet,sguyetet@berkeley.edu,Male,52.151.3.220
535,Erma,Vasnetsov,evasnetsoveu@biglobe.ne.jp,Female,26.89.16.42
536,Hort,Pauncefoot,hpauncefootev@smugmug.com,Male,64.227.194.249
537,Tandi,Buckham,tbuckhamew@sfgate.com,Female,13.170.219.35
538,Ardelia,McGourty,amcgourtyex@tuttocitta.it,Female,211.63.109.208
539,Washington,Brounfield,wbrounfieldey@nih.gov,Male,177.80.163.68
540,Worden,Robyns,wrobynsez@answers.com,Male,15.113.251.190
541,Edgar,Van Castele,evancastelef0@prweb.com,Male,115.139.18.72
542,Aubree,Martschke,amartschkef1@cornell.edu,Female,95.119.173.52
543,Molly,Heintzsch,mheintzschf2@artisteer.com,Female,218.199.89.19
544,Verney,Andreaccio,vandreacciof3@abc.net.au,Male,205.156.169.245
545,Eldredge,Shoutt,eshouttf4@yellowpages.com,Male,199.227.180.142
546,Lynett,Juza,ljuzaf5@google.com.hk,Female,205.114.221.95
547,Garvin,Ferrulli,gferrullif6@indiatimes.com,Male,140.56.57.85
548,Tanny,Granleese,tgranleesef7@storify.com,Bigender,19.8.42.176
549,Hamel,Bohey,hboheyf8@cbslocal.com,Male,59.133.91.245
550,Jaimie,Tredgold,jtredgoldf9@forbes.com,Female,225.93.168.75
551,Manfred,Siman,msimanfa@nba.com,Male,181.18.220.77
552,Mercy,Fairest,mfairestfb@goo.ne.jp,Female,212.6.34.25
553,Hi,Dallin,hdallinfc@studiopress.com,Male,223.215.157.66
554,Aggie,Josef,ajoseffd@twitter.com,Female,135.248.199.119
555,Hadria,MacBrearty,hmacbreartyfe@weebly.com,Female,191.109.91.152
556,Jonah,Aish,jaishff@tinyurl.com,Male,25.143.48.49
557,Jeddy,Rubi,jrubifg@wordpress.org,Male,237.202.246.130
558,Edee,Lightoller,elightollerfh@histats.com,Female,5.219.130.58
559,Carleton,Grand,cgrandfi@wp.com,Male,63.83.4.172
560,Katie,Monkman,kmonkmanfj@sfgate.com,Female,189.234.106.214
561,Steffi,Brittle,sbrittlefk@theglobeandmail.com,Female,100.251.41.11
562,Noelani,Verdey,nverdeyfl@mozilla.org,Female,114.101.238.211
563,Dennis,Broxup,dbroxupfm@tumblr.com,Male,220.113.25.237
564,Sibeal,Wetton,swettonfn@constantcontact.com,Female,177.49.78.127
565,Harlan,Mucklow,hmucklowfo@blogger.com,Male,144.150.177.236
566,Angelo,Huddart,ahuddartfp@usa.gov,Non-binary,167.46.10.68
567,Jillana,Izakov,jizakovfq@wufoo.com,Female,9.30.167.63
568,Verne,Huddle,vhuddlefr@bloglovin.com,Male,131.229.212.13
569,Dagmar,Villalta,dvillaltafs@timesonline.co.uk,Female,206.254.232.169
570,Ignaz,O'Sculley,iosculleyft@engadget.com,Male,143.123.202.196
571,Joella,Roddam,jroddamfu@uiuc.edu,Female,181.203.24.50
572,Algernon,Alaway,aalawayfv@washingtonpost.com,Male,254.182.168.180
573,Giffard,Jandac,gjandacfw@ihg.com,Male,128.28.11.81
574,Gayleen,Dawid,gdawidfx@hp.com,Female,231.129.209.99
575,Walt,MacAlpine,wmacalpinefy@google.cn,Male,192.93.113.179
576,Dara,Collyear,dcollyearfz@clickbank.net,Genderqueer,158.61.7.3
577,Andra,Tellwright,atellwrightg0@arstechnica.com,Female,46.175.249.160
578,Meredith,Shimman,mshimmang1@discuz.net,Male,82.6.188.35
579,Vincents,Spinnace,vspinnaceg2@stumbleupon.com,Male,56.254.55.137
580,L;urette,Peniman,lpenimang3@artisteer.com,Female,91.5.52.233
581,Jean,Mycock,jmycockg4@japanpost.jp,Male,41.13.202.1
582,Tam,Mc Giffin,tmcgiffing5@weebly.com,Male,82.229.71.237
583,Meta,McGlew,mmcglewg6@histats.com,Female,183.223.186.63
584,Freeman,Congdon,fcongdong7@lycos.com,Male,24.235.8.131
585,Brockie,Muzzlewhite,bmuzzlewhiteg8@cbc.ca,Male,121.198.183.8
586,Tracey,Jennings,tjenningsg9@skype.com,Male,52.14.217.92
587,Frankie,Abade,fabadega@nih.gov,Female,28.165.54.121
588,Gayelord,Windridge,gwindridgegb@foxnews.com,Male,230.178.123.6
589,Demetrius,Kleinstein,dkleinsteingc@scientificamerican.com,Male,104.126.249.198
590,Meggy,Iddins,middinsgd@domainmarket.com,Female,130.135.33.62
591,Dierdre,covino,dcovinoge@etsy.com,Female,89.202.159.25
592,Karlens,Brameld,kbrameldgf@about.me,Male,86.53.101.128
593,Mignon,Mulroy,mmulroygg@timesonline.co.uk,Non-binary,153.215.210.178
594,Gray,Delia,gdeliagh@google.com,Female,218.227.159.232
595,Gayler,Darque,gdarquegi@freewebs.com,Male,118.58.1.137
596,Alessandra,Elderkin,aelderkingj@privacy.gov.au,Female,242.225.121.132
597,Morgen,Crann,mcranngk@cnbc.com,Male,212.241.169.248
598,Roberto,Tassell,rtassellgl@usatoday.com,Male,69.80.98.124
599,Nancey,Akker,nakkergm@taobao.com,Female,22.57.72.187
600,Richardo,Van Bruggen,rvanbruggengn@yolasite.com,Male,93.22.196.235
601,Lannie,Barber,lbarbergo@answers.com,Male,254.96.102.253
602,Shane,Littler,slittlergp@nsw.gov.au,Female,180.85.229.50
603,Nevile,Kuzemka,nkuzemkagq@time.com,Male,109.212.71.113
604,Chandal,Avrasin,cavrasingr@friendfeed.com,Female,12.117.121.252
605,Niki,Lghan,nlghangs@dell.com,Non-binary,199.31.108.201
606,Alexis,Gooday,agoodaygt@bbb.org,Female,41.46.186.54
607,Saunders,Easterbrook,seasterbrookgu@go.com,Male,176.119.199.13
608,Matelda,Rove,mrovegv@amazon.de,Female,67.17.130.2
609,Clevey,Sikorski,csikorskigw@dropbox.com,Male,200.182.10.108
610,Anabelle,Mandel,amandelgx@irs.gov,Female,194.167.41.55
611,Allan,Bourbon,abourbongy@digg.com,Male,196.235.17.253
612,Town,Bliss,tblissgz@studiopress.com,Male,161.50.30.232
613,Kayne,Giacobillo,kgiacobilloh0@dell.com,Male,33.76.129.132
614,Karine,Coppard,kcoppardh1@ft.com,Female,195.153.24.243
615,Marshall,Hoggins,mhogginsh2@ucsd.edu,Male,231.34.182.224
616,Giles,Rosenhaus,grosenhaush3@quantcast.com,Male,150.149.54.75
617,Bonny,O'Caine,bocaineh4@delicious.com,Female,74.52.159.228
618,Riane,Stirton,rstirtonh5@smugmug.com,Female,52.44.192.181
619,Burk,Hillatt,bhillatth6@indiegogo.com,Male,185.189.217.128
620,Allianora,Taffie,ataffieh7@eepurl.com,Female,111.99.34.12
621,Corella,Lafaye,clafayeh8@cbslocal.com,Female,94.205.141.246
622,Tyne,Sissland,tsisslandh9@sfgate.com,Female,118.30.43.54
623,Brynna,Adams,badamsha@auda.org.au,Female,79.188.244.49
624,Germana,Iacovino,giacovinohb@friendfeed.com,Polygender,166.54.239.229
625,Aron,Pogue,apoguehc@arstechnica.com,Male,93.240.218.212
626,Dorise,Vella,dvellahd@howstuffworks.com,Female,65.71.161.62
627,Shandie,Eloi,seloihe@surveymonkey.com,Female,24.125.14.198
628,Kendre,Bilbrooke,kbilbrookehf@bluehost.com,Female,176.254.250.159
629,Zollie,Lambin,zlambinhg@over-blog.com,Male,255.16.15.162
630,Mariel,Tordiffe,mtordiffehh@bloglines.com,Female,105.252.52.32
631,Hal,De Benedictis,hdebenedictishi@hc360.com,Non-binary,215.101.232.26
632,Aarika,Piercy,apiercyhj@dot.gov,Female,56.131.140.125
633,Terra,Shipton,tshiptonhk@youtu.be,Female,72.75.107.94
634,Tab,Furtado,tfurtadohl@rambler.ru,Male,61.162.16.171
635,Carol-jean,Verden,cverdenhm@issuu.com,Polygender,201.63.64.75
636,Cherry,Hurtado,churtadohn@desdev.cn,Female,152.170.80.213
637,Sandy,Arbon,sarbonho@examiner.com,Male,124.179.107.126
638,Nola,Castagneri,ncastagnerihp@bloglovin.com,Female,231.1.53.127
639,Amata,Tinkler,atinklerhq@eepurl.com,Female,153.208.55.217
640,Vicky,Simmans,vsimmanshr@answers.com,Female,217.180.83.153
641,Ogdan,Capes,ocapeshs@ustream.tv,Male,196.113.254.197
642,Nils,O'Crigan,nocriganht@pcworld.com,Male,88.7.60.3
643,Portia,Chubb,pchubbhu@craigslist.org,Female,61.223.152.250
644,Kerby,Sprott,ksprotthv@drupal.org,Male,209.200.102.127
645,Hetty,Benditt,hbenditthw@ebay.com,Female,224.24.90.6
646,Early,Godbehere,egodbeherehx@stumbleupon.com,Male,116.251.42.138
647,Phyllis,Josovitz,pjosovitzhy@geocities.jp,Female,135.154.217.94
648,Dniren,Franzel,dfranzelhz@ocn.ne.jp,Female,103.237.247.114
649,Nicolas,Chastney,nchastneyi0@tumblr.com,Male,125.148.219.155
650,Diann,Springthorpe,dspringthorpei1@patch.com,Bigender,164.132.86.220
651,Trude,Suermeier,tsuermeieri2@omniture.com,Female,240.253.97.40
652,Veradis,Mace,vmacei3@redcross.org,Agender,222.192.45.174
653,Nataline,Greatorex,ngreatorexi4@java.com,Female,81.38.99.90
654,Euphemia,Dreini,edreinii5@people.com.cn,Female,107.223.192.152
655,Abagail,Meekins,ameekinsi6@eventbrite.com,Female,10.222.164.103
656,Chrisse,Neylan,cneylani7@ucoz.com,Male,167.243.187.106
657,Leif,Simms,lsimmsi8@tmall.com,Male,176.251.219.86
658,Carolina,Laurenz,claurenzi9@springer.com,Female,59.175.130.174
659,Adeline,Buddell,abuddellia@npr.org,Female,148.198.147.217
660,Sherie,Peteri,speteriib@cbslocal.com,Non-binary,103.54.95.251
661,Marcia,Gelderd,mgelderdic@loc.gov,Female,255.227.199.138
662,Meghan,Ionnidis,mionnidisid@meetup.com,Polygender,242.236.72.86
663,Hazlett,Egdal,hegdalie@e-recht24.de,Male,186.49.29.211
664,Devlin,Guyton,dguytonif@ehow.com,Male,179.237.102.60
665,Caye,Boatwright,cboatwrightig@indiatimes.com,Female,236.138.137.90
666,Darbee,Rottcher,drottcherih@aol.com,Male,217.90.52.18
667,Gwenni,Mc Caghan,gmccaghanii@redcross.org,Female,120.222.75.151
668,Olwen,Berzin,oberzinij@netscape.com,Female,105.233.36.64
669,Esra,Stredder,estredderik@businessinsider.com,Male,255.168.111.38
670,Kort,Riddlesden,kriddlesdenil@dion.ne.jp,Male,31.51.176.52
671,Doyle,Whelpdale,dwhelpdaleim@ifeng.com,Male,78.95.0.210
672,Lizzie,Ubee,lubeein@webeden.co.uk,Female,207.241.69.92
673,Pincas,Abels,pabelsio@reuters.com,Male,206.121.97.28
674,Lurline,Keely,lkeelyip@wp.com,Female,30.85.68.120
675,Mel,Duprey,mdupreyiq@jiathis.com,Female,225.122.93.72
676,Artemus,Ross,arossir@seesaa.net,Polygender,57.225.146.233
677,Bryanty,Melton,bmeltonis@surveymonkey.com,Male,28.251.201.189
678,Adler,Taye,atayeit@youtube.com,Male,42.11.84.163
679,Chrystal,Antonsson,cantonssoniu@live.com,Female,91.182.217.143
680,Rad,Haberfield,rhaberfieldiv@feedburner.com,Male,187.224.24.52
681,Roselin,Huey,rhueyiw@amazon.de,Female,182.134.124.30
682,Sula,Wandrach,swandrachix@netscape.com,Female,157.253.24.207
683,Faustine,Reap,freapiy@alibaba.com,Female,88.145.142.4
684,Bank,Benne,bbenneiz@reference.com,Male,105.90.19.51
685,Eugenia,Glynn,eglynnj0@ow.ly,Female,224.39.118.230
686,Sherwood,Hastilow,shastilowj1@wp.com,Male,221.46.170.38
687,Belvia,Lydall,blydallj2@wikispaces.com,Female,212.150.226.218
688,Any,Surgener,asurgenerj3@mapquest.com,Male,109.56.221.232
689,Renell,Brusby,rbrusbyj4@wunderground.com,Female,64.157.235.37
690,Camile,Benasik,cbenasikj5@oaic.gov.au,Female,227.60.2.190
691,Agata,Galbraith,agalbraithj6@clickbank.net,Bigender,193.247.90.43
692,Chrysa,Mustchin,cmustchinj7@godaddy.com,Female,60.160.247.142
693,Julianne,Newart,jnewartj8@shutterfly.com,Female,143.11.24.167
694,Cynthy,Wrathall,cwrathallj9@examiner.com,Female,250.221.200.155
695,Brody,Beau,bbeauja@webs.com,Male,18.155.27.64
696,Donia,Tams,dtamsjb@blogger.com,Female,6.130.238.223
697,Jo ann,Rattry,jrattryjc@theatlantic.com,Female,110.147.72.22
698,Danni,Carneck,dcarneckjd@prweb.com,Genderfluid,166.74.131.137
699,Rouvin,Zimmerman,rzimmermanje@shop-pro.jp,Male,158.157.186.9
700,Kathrine,Bracer,kbracerjf@answers.com,Female,229.146.0.193
701,Cindra,Colquhoun,ccolquhounjg@de.vu,Female,115.170.58.124
702,Corrine,Playhill,cplayhilljh@hibu.com,Female,242.110.232.43
703,Warner,Crone,wcroneji@ezinearticles.com,Male,219.246.67.160
704,Hedvige,Culmer,hculmerjj@photobucket.com,Genderfluid,64.207.137.115
705,Orbadiah,Duckerin,oduckerinjk@imageshack.us,Male,178.143.181.207
706,Rebecca,Babe,rbabejl@wp.com,Genderqueer,41.164.68.76
707,Randall,Roma,rromajm@wikimedia.org,Agender,67.242.125.74
708,Les,Duignan,lduignanjn@squarespace.com,Non-binary,27.80.67.155
709,Amber,Rayson,araysonjo@squidoo.com,Female,136.233.177.48
710,Amaleta,Bloxsum,abloxsumjp@angelfire.com,Female,178.188.164.29
711,Wendeline,Buzza,wbuzzajq@linkedin.com,Female,3.192.78.55
712,Ringo,Janca,rjancajr@constantcontact.com,Male,10.181.112.252
713,Gram,Chomicz,gchomiczjs@alexa.com,Male,84.109.88.122
714,Ambrosi,Darington,adaringtonjt@cnn.com,Male,138.29.99.99
715,Averyl,Grenshiels,agrenshielsju@people.com.cn,Female,95.249.51.210
716,Ella,Christene,echristenejv@dion.ne.jp,Female,76.78.132.115
717,Lee,Lehenmann,llehenmannjw@wired.com,Bigender,209.187.131.11
718,Nedda,Rodgier,nrodgierjx@flickr.com,Female,33.163.175.203
719,Giffard,Westfalen,gwestfalenjy@ucsd.edu,Male,180.53.23.16
720,Angie,Bubeer,abubeerjz@miitbeian.gov.cn,Male,105.52.12.2
721,Patty,Browett,pbrowettk0@craigslist.org,Female,143.91.45.235
722,Michele,Doulden,mdouldenk1@berkeley.edu,Male,180.49.70.213
723,Raimondo,D'eath,rdeathk2@dedecms.com,Male,40.209.196.208
724,Freemon,Pea,fpeak3@storify.com,Male,84.239.212.244
725,Birgit,Longbone,blongbonek4@berkeley.edu,Female,252.80.245.13
726,Bevin,Will,bwillk5@apache.org,Male,180.73.209.214
727,Wat,Bullers,wbullersk6@imageshack.us,Male,172.251.15.14
728,Raphael,Karlsson,rkarlssonk7@mozilla.org,Male,152.129.106.162
729,Devlin,Frane,dfranek8@msu.edu,Male,107.4.69.244
730,Bertine,Allerton,ballertonk9@alibaba.com,Genderqueer,32.6.169.37
731,Bendicty,Wagner,bwagnerka@bloglines.com,Male,218.59.12.245
732,Dixie,Bilovus,dbilovuskb@alibaba.com,Female,18.7.25.159
733,Marylin,Boothby,mboothbykc@ebay.co.uk,Female,122.22.22.247
734,Jinny,Figures,jfigureskd@unesco.org,Female,192.104.247.96
735,Debby,Cheers,dcheerske@com.com,Female,95.76.226.115
736,Aharon,Levesque,alevesquekf@google.com,Polygender,209.239.208.76
737,Ram,Magrane,rmagranekg@live.com,Male,116.137.38.166
738,Michaeline,Gammie,mgammiekh@si.edu,Agender,230.71.146.185
739,Gerik,Bessent,gbessentki@wordpress.com,Male,231.71.113.45
740,Blythe,Rablan,brablankj@sourceforge.net,Female,125.155.24.1
741,Wanids,Pococke,wpocockekk@seattletimes.com,Female,186.61.10.29
742,Desiree,Hyslop,dhyslopkl@zimbio.com,Female,41.171.226.220
743,Westleigh,O'Doherty,wodohertykm@meetup.com,Polygender,71.208.141.211
744,Annabell,Kliment,aklimentkn@mlb.com,Female,237.67.147.85
745,Sheff,Schwander,sschwanderko@zimbio.com,Male,224.157.133.247
746,Jo,Siggs,jsiggskp@mlb.com,Female,27.80.150.141
747,Herta,Dumelow,hdumelowkq@soup.io,Female,129.11.115.252
748,Hale,Balhatchet,hbalhatchetkr@plala.or.jp,Male,144.31.20.223
749,Prescott,Maidens,pmaidensks@usgs.gov,Male,8.235.106.224
750,Cherilynn,Shipley,cshipleykt@netlog.com,Female,251.66.31.31
751,Tate,Easen,teasenku@rambler.ru,Genderqueer,33.203.43.242
752,Curr,Worham,cworhamkv@baidu.com,Male,97.111.162.238
753,Stearn,Pagan,spagankw@prlog.org,Male,182.228.100.30
754,Paten,Gobeaux,pgobeauxkx@geocities.com,Male,229.3.99.133
755,Boy,Abramof,babramofky@liveinternet.ru,Male,165.177.222.231
756,Bibbye,Clibbery,bclibberykz@discovery.com,Female,147.110.39.115
757,Saudra,Blinco,sblincol0@163.com,Female,123.160.52.142
758,Vasili,Siddaley,vsiddaleyl1@amazonaws.com,Male,180.160.245.44
759,Michele,Fullun,mfullunl2@livejournal.com,Male,41.118.35.248
760,Elinor,Yeliashev,eyeliashevl3@aol.com,Female,205.190.218.29
761,Cyrill,Grevatt,cgrevattl4@amazon.de,Male,90.207.242.125
762,Elset,Kadar,ekadarl5@comcast.net,Female,139.59.249.143
763,Preston,Stringman,pstringmanl6@geocities.jp,Male,233.113.251.248
764,Randi,de la Tremoille,rdelatremoillel7@aol.com,Male,102.160.196.71
765,Holly-anne,McComiskie,hmccomiskiel8@1688.com,Female,110.210.234.171
766,Jerri,Yate,jyatel9@cargocollective.com,Male,248.206.139.29
767,Sonnie,Pinkett,spinkettla@umich.edu,Agender,70.24.131.186
768,Jeddy,Salla,jsallalb@wordpress.com,Male,105.183.205.141
769,Roderic,Danihel,rdanihellc@stanford.edu,Male,32.156.126.163
770,Vaughan,Ashmole,vashmoleld@com.com,Male,86.142.200.235
771,Holmes,Haile,hhailele@alexa.com,Male,130.216.24.191
772,Wally,Antwis,wantwislf@tumblr.com,Male,16.158.222.102
773,Gare,Trude,gtrudelg@flavors.me,Male,42.22.135.134
774,Merrie,MacCrackan,mmaccrackanlh@stanford.edu,Female,89.54.253.180
775,Alverta,Robert,arobertli@bluehost.com,Female,116.105.10.109
776,Trefor,Mewes,tmeweslj@walmart.com,Male,244.94.18.251
777,Brigit,Kilian,bkilianlk@jigsy.com,Female,75.228.88.155
778,Marian,Rainer,mrainerll@aboutads.info,Female,164.128.220.149
779,Russ,Currell,rcurrelllm@linkedin.com,Male,221.6.187.201
780,Pamelina,Moan,pmoanln@cdbaby.com,Female,34.18.155.174
781,Kory,Sigg,ksigglo@bizjournals.com,Male,16.10.169.109
782,Hildagard,Pharrow,hpharrowlp@chronoengine.com,Polygender,153.214.162.162
783,Antonio,Jerosch,ajeroschlq@hugedomains.com,Male,53.219.129.126
784,Shanie,Whimpenny,swhimpennylr@ebay.com,Female,120.207.230.184
785,Ricky,Beausang,rbeausangls@narod.ru,Female,15.15.93.58
786,Clarie,Odde,coddelt@tmall.com,Female,187.125.109.4
787,Lura,Silvers,lsilverslu@reference.com,Female,68.14.191.114
788,Jaquenette,Clynmans,jclynmanslv@oracle.com,Non-binary,83.6.175.230
789,Jannelle,Boughen,jboughenlw@europa.eu,Female,188.211.183.207
790,Estevan,Zmitrovich,ezmitrovichlx@domainmarket.com,Male,43.188.246.27
791,Doris,Kerins,dkerinsly@google.ru,Female,33.144.163.121
792,Ancell,Bracey,abraceylz@foxnews.com,Male,18.53.56.192
793,Norton,Carine,ncarinem0@list-manage.com,Male,170.128.168.71
794,Law,Jirzik,ljirzikm1@google.pl,Male,155.96.43.23
795,Mira,Sabater,msabaterm2@oakley.com,Female,153.175.176.63
796,Granthem,Humble,ghumblem3@pbs.org,Male,206.1.91.243
797,Herculie,Blainey,hblaineym4@163.com,Male,18.70.235.43
798,Rosamund,Privost,rprivostm5@upenn.edu,Female,226.43.134.244
799,Greta,Duffell,gduffellm6@va.gov,Female,122.137.46.76
800,Keelia,Johananoff,kjohananoffm7@google.de,Female,108.190.255.68
801,Nobie,Boerder,nboerderm8@phpbb.com,Male,220.80.84.22
802,Carmencita,Springett,cspringettm9@wunderground.com,Female,98.36.103.106
803,Jourdan,Cronchey,jcroncheyma@goo.ne.jp,Female,217.174.168.181
804,Pierce,Lawlie,plawliemb@domainmarket.com,Male,159.112.197.55
805,Harbert,Scay,hscaymc@abc.net.au,Male,4.215.55.206
806,Elwyn,McBay,emcbaymd@google.co.uk,Male,191.5.240.185
807,Quent,Rhead,qrheadme@indiatimes.com,Male,130.248.44.221
808,Emelda,Esche,eeschemf@spiegel.de,Female,83.16.141.154
809,Abel,Schuelcke,aschuelckemg@phoca.cz,Male,152.106.213.36
810,Larina,Splevings,lsplevingsmh@ycombinator.com,Female,80.147.24.198
811,Janelle,Laverock,jlaverockmi@nymag.com,Female,126.161.59.14
812,Uriel,Vise,uvisemj@springer.com,Bigender,40.28.80.85
813,Hedwiga,Pays,hpaysmk@discovery.com,Female,154.178.215.183
814,Vanny,Skrine,vskrineml@bluehost.com,Genderqueer,109.245.77.27
815,Justin,Poncet,jponcetmm@topsy.com,Male,121.58.108.152
816,Barnaby,Hawket,bhawketmn@odnoklassniki.ru,Male,121.24.182.36
817,Gaye,Courtman,gcourtmanmo@prweb.com,Female,2.34.109.214
818,Arabela,Gouda,agoudamp@instagram.com,Female,196.161.142.136
819,Laurene,Pipe,lpipemq@dyndns.org,Female,255.225.244.171
820,Dorey,Neasham,dneashammr@china.com.cn,Genderfluid,15.207.3.82
821,Cinderella,Egell,cegellms@webeden.co.uk,Female,166.19.107.180
822,Sebastien,Kubis,skubismt@blog.com,Male,190.84.126.10
823,Luca,Oliva,lolivamu@g.co,Male,163.149.43.187
824,Robbin,Cellier,rcelliermv@home.pl,Female,250.252.34.190
825,Mart,McKenzie,mmckenziemw@odnoklassniki.ru,Male,185.108.163.75
826,Owen,MacKellar,omackellarmx@cmu.edu,Genderqueer,69.229.1.236
827,Legra,Masham,lmashammy@flickr.com,Female,112.59.186.109
828,Orren,Sheen,osheenmz@buzzfeed.com,Agender,156.85.85.98
829,Jerrilee,Dockwray,jdockwrayn0@miibeian.gov.cn,Bigender,220.28.192.148
830,Penelope,Sondon,psondonn1@chicagotribune.com,Bigender,137.157.122.1
831,Vidovic,MacNockater,vmacnockatern2@stumbleupon.com,Polygender,154.164.204.157
832,Natale,Konertz,nkonertzn3@wikipedia.org,Male,146.87.97.174
833,Meredith,Selwin,mselwinn4@yandex.ru,Female,226.153.242.97
834,Bay,Wallbank,bwallbankn5@ebay.co.uk,Male,68.124.18.14
835,Josselyn,Wedlake,jwedlaken6@wufoo.com,Female,239.20.209.132
836,Lurette,Muttitt,lmuttittn7@google.ca,Bigender,187.72.207.1
837,Junie,Labrom,jlabromn8@nps.gov,Female,15.208.210.54
838,Anjanette,Blackleech,ablackleechn9@economist.com,Female,72.27.52.42
839,Chaddy,Eltun,celtunna@exblog.jp,Male,4.108.166.41
840,Willey,Dearn,wdearnnb@com.com,Male,139.69.67.65
841,Danica,Thomtson,dthomtsonnc@unc.edu,Female,81.37.62.248
842,Emerson,Lermit,elermitnd@shinystat.com,Male,124.90.7.140
843,Alexandro,Paget,apagetne@springer.com,Male,24.37.233.76
844,Grissel,Haslegrave,ghaslegravenf@toplist.cz,Female,202.176.115.175
845,Edee,Flipsen,eflipsenng@mayoclinic.com,Female,60.31.219.56
846,Augie,Salleir,asalleirnh@artisteer.com,Male,45.161.216.45
847,Ganny,Membry,gmembryni@digg.com,Male,163.170.199.119
848,Olivier,Cranidge,ocranidgenj@myspace.com,Bigender,118.77.203.201
849,Mose,Copas,mcopasnk@studiopress.com,Male,217.80.203.206
850,Francesca,Ashling,fashlingnl@imdb.com,Female,196.20.47.144
851,Urbanus,Haselwood,uhaselwoodnm@devhub.com,Male,23.196.75.123
852,Cirstoforo,Seres,cseresnn@angelfire.com,Male,221.21.177.245
853,Lorilyn,Paddy,lpaddyno@uiuc.edu,Female,177.13.63.35
854,Harmonie,Stanmore,hstanmorenp@vistaprint.com,Female,91.20.9.161
855,Xylia,Shildrake,xshildrakenq@imageshack.us,Female,201.6.134.245
856,Sharity,Iashvili,siashvilinr@marketwatch.com,Genderfluid,80.142.166.124
857,Nevsa,Sauniere,nsaunierens@mlb.com,Female,245.9.114.107
858,Trueman,Harradence,tharradencent@businessinsider.com,Male,58.25.37.179
859,Davina,Minter,dminternu@miibeian.gov.cn,Female,13.41.240.207
860,Rogerio,Getten,rgettennv@apache.org,Male,137.234.239.12
861,La verne,Heliet,lhelietnw@xinhuanet.com,Female,133.238.94.160
862,Melisande,Trahair,mtrahairnx@freewebs.com,Female,246.189.129.124
863,Rip,Fermor,rfermorny@theguardian.com,Male,246.152.38.66
864,Donn,Antonat,dantonatnz@seattletimes.com,Male,81.248.32.119
865,Saundra,McNeilley,smcneilleyo0@tiny.cc,Genderfluid,53.99.233.157
866,Herb,Arnaldi,harnaldio1@comsenz.com,Male,28.102.227.228
867,Benny,Stothert,bstotherto2@blogger.com,Male,238.3.4.97
868,Peadar,Tomadoni,ptomadonio3@google.cn,Male,220.175.252.242
869,Alasdair,Gennerich,agennericho4@geocities.jp,Agender,4.216.201.175
870,Ursa,McLernon,umclernono5@blogtalkradio.com,Genderfluid,97.152.82.153
871,Olympie,Abys,oabyso6@gnu.org,Female,20.193.37.159
872,Micaela,Steinson,msteinsono7@mediafire.com,Female,128.173.64.254
873,Marquita,Deeman,mdeemano8@nih.gov,Female,76.24.202.131
874,Timi,Uttermare,tuttermareo9@rakuten.co.jp,Female,186.179.141.156
875,Kassi,Kliment,kklimentoa@zimbio.com,Female,232.91.15.49
876,Alvira,Balogun,abalogunob@usa.gov,Female,129.195.54.232
877,Carolee,Hawkett,chawkettoc@reverbnation.com,Bigender,53.170.74.210
878,Shanna,Parsand,sparsandod@creativecommons.org,Female,125.128.184.119
879,Elana,Trelease,etreleaseoe@google.es,Female,190.66.48.138
880,Perry,Morais,pmoraisof@nature.com,Male,95.127.41.57
881,Mathian,Matteacci,mmatteacciog@posterous.com,Male,208.92.195.167
882,Barret,Egentan,begentanoh@weibo.com,Genderqueer,249.183.118.125
883,Geralda,Rosenhaus,grosenhausoi@time.com,Female,215.228.66.128
884,Cahra,Bendtsen,cbendtsenoj@webmd.com,Female,32.58.122.242
885,Doug,Celli,dcelliok@hugedomains.com,Male,182.225.229.61
886,Micheline,Jacquemet,mjacquemetol@prlog.org,Female,11.81.10.247
887,Ellery,Szabo,eszaboom@usatoday.com,Male,101.36.172.191
888,Frederic,Birkinshaw,fbirkinshawon@toplist.cz,Male,217.176.8.190
889,Annaliese,Fullager,afullageroo@ning.com,Female,229.207.112.43
890,Phillipe,Scorrer,pscorrerop@marketwatch.com,Male,168.230.139.169
891,Stace,Delany,sdelanyoq@amazon.com,Female,219.63.235.189
892,Belia,Monte,bmonteor@w3.org,Female,182.15.23.122
893,Flynn,Gonneau,fgonneauos@google.es,Polygender,11.201.168.158
894,Allix,Sansum,asansumot@ezinearticles.com,Female,78.244.238.10
895,Elisabetta,Delacourt,edelacourtou@china.com.cn,Female,222.35.80.236
896,Dorey,Caile,dcaileov@constantcontact.com,Female,239.179.149.116
897,Gardiner,Whitehall,gwhitehallow@networksolutions.com,Male,8.43.0.181
898,Evanne,Gidney,egidneyox@ucsd.edu,Female,63.19.90.238
899,Grace,Heers,gheersoy@paginegialle.it,Female,86.71.75.153
900,Helge,Andriulis,handriulisoz@illinois.edu,Female,49.112.24.91
901,Omar,Rogier,orogierp0@foxnews.com,Male,109.93.227.174
902,Milissent,Arnaldi,marnaldip1@oracle.com,Female,132.147.187.98
903,Robbi,Gonneau,rgonneaup2@examiner.com,Female,145.20.173.149
904,Etan,McCuthais,emccuthaisp3@t-online.de,Male,244.173.238.232
905,Carolyn,Ilyuchyov,cilyuchyovp4@goodreads.com,Female,151.182.195.244
906,Aurelea,Kelby,akelbyp5@newyorker.com,Female,135.148.136.36
907,Maximilianus,Sherar,msherarp6@oakley.com,Male,87.173.207.27
908,Kennith,Adamo,kadamop7@bandcamp.com,Male,90.79.16.53
909,Jessie,Rourke,jrourkep8@lulu.com,Female,151.226.186.229
910,Alistair,Bockh,abockhp9@1688.com,Male,68.215.169.232
911,Simone,Babbe,sbabbepa@rediff.com,Male,249.204.36.107
912,Beauregard,McLleese,bmclleesepb@sciencedirect.com,Genderqueer,157.244.204.82
913,Renell,Rampton,rramptonpc@arizona.edu,Female,111.118.121.3
914,Matthieu,Jendrach,mjendrachpd@tmall.com,Male,89.88.189.228
915,Marylinda,Minton,mmintonpe@issuu.com,Female,91.26.59.230
916,Enriqueta,Dorkin,edorkinpf@wikispaces.com,Genderqueer,238.83.242.26
917,Kayley,Elcombe,kelcombepg@forbes.com,Female,55.137.195.66
918,Pavla,Blakelock,pblakelockph@sciencedirect.com,Female,86.57.85.220
919,Roderic,Grimsley,rgrimsleypi@lulu.com,Male,159.32.132.118
920,Jeffie,Kunrad,jkunradpj@google.nl,Genderfluid,215.13.216.79
921,Emory,Flintoffe,eflintoffepk@nytimes.com,Male,108.132.186.48
922,Inglis,Blaik,iblaikpl@blogger.com,Male,109.119.16.138
923,Boote,Mountney,bmountneypm@over-blog.com,Male,13.110.60.55
924,Curcio,Lax,claxpn@cloudflare.com,Male,226.126.244.249
925,Geoffrey,Preshous,gpreshouspo@princeton.edu,Male,97.223.197.241
926,Nonna,Summers,nsummerspp@4shared.com,Female,189.39.163.238
927,Bernetta,Dwane,bdwanepq@engadget.com,Genderfluid,79.19.193.243
928,Bartholomeo,Alner,balnerpr@shutterfly.com,Male,94.76.208.26
929,Lilyan,Battison,lbattisonps@comsenz.com,Female,97.137.231.43
930,Hobie,Ciccottio,hciccottiopt@nymag.com,Male,147.146.66.214
931,Irving,Fanthom,ifanthompu@gmpg.org,Male,27.53.125.216
932,Myrwyn,Ullock,mullockpv@wsj.com,Male,85.103.255.192
933,Geno,Gittose,ggittosepw@cornell.edu,Male,51.141.164.11
934,Shepperd,Dowker,sdowkerpx@theglobeandmail.com,Male,157.41.216.48
935,Jennifer,Jakab,jjakabpy@wisc.edu,Female,107.40.13.50
936,Gabby,Rowsel,growselpz@cloudflare.com,Genderfluid,35.230.93.229
937,Terrel,Childerley,tchilderleyq0@istockphoto.com,Male,215.147.216.22
938,Tobias,Yakovliv,tyakovlivq1@msn.com,Male,105.191.19.119
939,Annecorinne,Carmichael,acarmichaelq2@cornell.edu,Female,133.130.74.133
940,Viole,Bramich,vbramichq3@drupal.org,Female,199.113.101.17
941,Melinda,Skeermer,mskeermerq4@wisc.edu,Female,167.174.59.134
942,Sybyl,Boatwright,sboatwrightq5@miitbeian.gov.cn,Female,68.208.36.194
943,Sunshine,Chicchelli,schicchelliq6@webnode.com,Female,239.103.97.250
944,Cleavland,Frowde,cfrowdeq7@chicagotribune.com,Male,50.153.235.110
945,Nance,Crumby,ncrumbyq8@imgur.com,Female,24.182.93.9
946,Bettina,Weldrake,bweldrakeq9@usda.gov,Female,249.125.96.208
947,Lina,Feighney,lfeighneyqa@dell.com,Female,240.2.94.124
948,Allie,Mitrikhin,amitrikhinqb@devhub.com,Male,168.88.169.21
949,Bennett,Riccardini,briccardiniqc@marketwatch.com,Male,183.237.137.184
950,Dillon,Davidescu,ddavidescuqd@youtu.be,Male,135.239.91.206
951,Aggie,Skoof,askoofqe@stumbleupon.com,Female,184.218.7.245
952,Gusty,Grcic,ggrcicqf@wunderground.com,Female,240.229.95.118
953,Win,Moyser,wmoyserqg@house.gov,Male,86.163.0.72
954,Tim,De Paepe,tdepaepeqh@surveymonkey.com,Male,223.42.123.191
955,Natty,McCrossan,nmccrossanqi@xrea.com,Male,90.196.73.21
956,Gerhardt,Prew,gprewqj@xinhuanet.com,Male,42.20.118.167
957,Waverly,Romanelli,wromanelliqk@harvard.edu,Male,131.17.47.201
958,Ginnifer,Lowensohn,glowensohnql@yahoo.co.jp,Female,100.34.168.245
959,Ramsay,Pavlishchev,rpavlishchevqm@salon.com,Male,96.150.81.234
960,Moyra,Dacks,mdacksqn@hatena.ne.jp,Female,73.152.123.7
961,Lenard,Chadwell,lchadwellqo@friendfeed.com,Male,20.97.251.27
962,Raleigh,Ridgley,rridgleyqp@google.co.uk,Male,225.102.132.43
963,Teodoro,Bride,tbrideqq@blogger.com,Male,89.0.109.59
964,Idell,Kleinsinger,ikleinsingerqr@cam.ac.uk,Female,114.237.61.37
965,Stacey,Bleyman,sbleymanqs@alibaba.com,Female,206.18.86.186
966,Rachele,Palek,rpalekqt@loc.gov,Female,250.11.29.104
967,Katherina,Joan,kjoanqu@canalblog.com,Female,44.60.60.58
968,Minetta,Wallage,mwallageqv@sphinn.com,Female,187.244.248.65
969,Darryl,Streeter,dstreeterqw@issuu.com,Polygender,135.248.218.114
970,Em,Peile,epeileqx@clickbank.net,Male,80.224.165.123
971,Christos,Saye,csayeqy@sciencedaily.com,Male,27.186.241.219
972,Sibbie,Hancock,shancockqz@mozilla.org,Female,164.119.244.237
973,Mireielle,Rodgman,mrodgmanr0@pcworld.com,Female,89.52.71.58
974,Judy,Keling,jkelingr1@nba.com,Female,105.152.167.165
975,Zared,Ivchenko,zivchenkor2@google.cn,Male,74.110.219.40
976,Johannes,Calabry,jcalabryr3@springer.com,Male,94.107.232.152
977,Maurita,O'Scollain,moscollainr4@europa.eu,Female,77.120.215.126
978,Dwain,Luis,dluisr5@go.com,Male,116.52.230.155
979,Kimmi,Habbert,khabbertr6@etsy.com,Female,230.4.16.245
980,Robin,Gerardi,rgerardir7@t-online.de,Male,255.102.82.238
981,Rhett,Liquorish,rliquorishr8@pcworld.com,Male,91.13.103.57
982,Humfrey,McKennan,hmckennanr9@apple.com,Male,82.210.212.108
983,Pembroke,Peacop,ppeacopra@pinterest.com,Male,222.221.20.114
984,Tades,Baumber,tbaumberrb@blogger.com,Male,40.77.246.159
985,Trenton,Figurski,tfigurskirc@wix.com,Male,49.60.235.0
986,Lezlie,Cano,lcanord@amazon.de,Female,127.123.240.197
987,Mindy,Brangan,mbranganre@mtv.com,Female,67.81.200.57
988,Vale,Spiniello,vspiniellorf@stumbleupon.com,Male,239.53.200.133
989,Parke,Weld,pweldrg@discovery.com,Male,34.55.210.79
990,Lynn,Kerkham,lkerkhamrh@dmoz.org,Male,106.165.98.45
991,Ricard,Glew,rglewri@comcast.net,Bigender,170.202.158.25
992,Sheffield,Peter,speterrj@house.gov,Male,103.241.232.16
993,Kory,Keene,kkeenerk@addtoany.com,Male,181.229.70.5
994,Lanny,Joron,ljoronrl@dot.gov,Female,85.97.205.98
995,Cecilio,Heinz,cheinzrm@google.ca,Polygender,250.50.51.204
996,Berton,Jagels,bjagelsrn@google.com.hk,Male,101.111.182.52
997,Stillmann,Roony,sroonyro@businesswire.com,Male,107.26.113.86
998,Bobby,Sales,bsalesrp@wsj.com,Female,79.14.1.112
999,Chandal,Oxby,coxbyrq@163.com,Female,244.210.121.176
1000,Kendal,Bote,kboterr@paginegialle.it,Male,0.41.221.54
